Merke,Modell,Navn,Lenke
Samsung,Galaxy S26,Deksel,https://shop.vodacom.no/key-lofoten-magsafe-sam-s26/cat-p/c/p1006489662
Samsung,Galaxy S26,Lommebok,https://shop.vodacom.no/key-nordfjord-wallet-sam-s26/cat-p/c/p1006489664
Samsung,Galaxy S26,Skjermbeskytter,https://shop.vodacom.no/key-eco-glass-sam-s26/cat-p/c/p1006773135
Samsung,Galaxy S26+,Deksel,https://shop.vodacom.no/key-lofoten-magsafe-sam-s26/cat-p/c/p1006498313
Samsung,Galaxy S26+,Lommebok,https://shop.vodacom.no/key-nordfjord-wallet-sam-s26/cat-p/c/p1006489665
Samsung,Galaxy S26+,Skjermbeskytter,https://shop.vodacom.no/key-eco-glass-sam-s26/cat-p/c/p1006773136
Samsung,Galaxy S26 Ultra,Deksel,https://shop.vodacom.no/key-lofoten-magsafe-sam-s26/cat-p/c/p1006489663
Samsung,Galaxy S26 Ultra,Lommebok,https://shop.vodacom.no/key-nordfjord-wallet-sam-s26/cat-p/c/p1006489666
Samsung,Galaxy S26 Ultra,Skjermbeskytter,https://shop.vodacom.no/key-eco-glass-sam-s26/cat-p/c/p1006773137
Samsung,Galaxy A17,Deksel,https://shop.vodacom.no/key-lofoten-soft-case-sam/cat-p/c/p1006239355
Samsung,Galaxy A17,Skjermbeskytter,https://shop.vodacom.no/key-eco-glass-sam-a16/cat-p/c/p1005470493
Samsung,Galaxy A37,Deksel,https://shop.vodacom.no/key-lofoten-soft-case-sam/cat-p/c/p1006759195
Samsung,Galaxy A37,Robusrt Deksel,https://shop.vodacom.no/samsung-galaxy-a37-rugged-case/cat-p/c/p1006470047
Samsung,Galaxy A37,Skjermbeskytter,https://shop.vodacom.no/key-eco-glass-sam-a56-a36/cat-p/c/p1005856953
Samsung,Galaxy A57,Deksel,https://shop.vodacom.no/key-lofoten-soft-case-sam/cat-p/c/p1006759196
Samsung,Galaxy A57,Robust Deksel,https://shop.vodacom.no/samsung-galaxy-a57-rugged-case/cat-p/c/p1006470060
Samsung,Galaxy A57,Skjermbeskytter,https://shop.vodacom.no/key-eco-glass-sam-a56-a36/cat-p/c/p1005856953
Samsung,Xcover 7,Deksel,https://shop.vodacom.no/key-lofoten-soft-case-sam/cat-p/c/p1004844800
Samsung,Xcover 7,Lommebok,https://shop.vodacom.no/key-nordfjord-wallet-sam-xcover/cat-p/c/p1004844799
Samsung,Xcover 7,Skjermbeskytter,https://shop.vodacom.no/key-eco-glass-sam-xcover/cat-p/c/p1004844794
Samsung,Xcover 7 Pro,Deksel,https://shop.vodacom.no/key-lofoten-soft-case-sam/cat-p/c/p1006165655
Samsung,Xcover 7 Pro,Lommebok,https://shop.vodacom.no/key-nordfjord-wallet-sam-xcover/cat-p/c/p1006159687
Samsung,Xcover 7 Pro,Skjermbeskytter,https://shop.vodacom.no/key-eco-glass-sam-xcover/cat-p/c/p1006165658
iPhone,iPhone 17,Deksel,https://shop.vodacom.no/key-lofoten-magsafe-ip17/cat-p/c/p1006233812
iPhone,iPhone 17,Lommebok,https://shop.vodacom.no/key-nordfjord-wallet-ip17-black/cat-p/c/p1006233832
iPhone,iPhone 17,Skjermbeskytter,https://shop.vodacom.no/key-eco-glass-ip16-pro/cat-p/c/p1005022127
iPhone,iPhone 17 Pro,Deksel,https://shop.vodacom.no/key-lofoten-magsafe-ip17-pro/cat-p/c/p1006233814
iPhone,iPhone 17 Pro,Lommebok,https://shop.vodacom.no/key-nordfjord-wallet-ip17-pro/cat-p/c/p1006233834
iPhone,iPhone 17 Pro,Skjermbeskytter,https://shop.vodacom.no/key-eco-glass-ip16-pro/cat-p/c/p1005022127
iPhone,iPhone 17 Pro Max,Deksel,https://shop.vodacom.no/key-lofoten-magsafe-ip17-pro/cat-p/c/p1006233815
iPhone,iPhone 17 Pro Max,Lommebok,https://shop.vodacom.no/key-nordfjord-wallet-ip17-pro/cat-p/c/p1006233835
iPhone,iPhone 17 Pro Max,Skjermbeskytter,https://shop.vodacom.no/key-eco-glass-ip16-pro/cat-p/c/p1005022128
universal,,Lader,https://shop.vodacom.no/unisynk-usb-c-charger-kit-eu/cat-p/c/p1003746319
